Workbook

Sheet 概要
A1: 生成AI(Qommons AI)試行導入の結果と成果 2026年7月〜9月
A2: 函館市 総務部情報システム課
A4: 主要指標 | B4: 2026年7月 | C4: 2026年8月 | D4: 2026年9月 | E4: 3か月計
A5: 質問件数 | B5: =利用実績!B5 -> 26604 | C5: =利用実績!C5 -> 31621 | D5: =利用実績!D5 -> 32266 | E5: =SUM(B5:D5) -> 90491
A6: 利用者数(人) | B6: =利用実績!B7 -> 590 | C6: =利用実績!C7 -> 658 | D6: =利用実績!D7 -> 713
A7: 利用率 | B7: =利用実績!B9 -> 0.69575472 | C7: =利用実績!C9 -> 0.72307692 | D7: =利用実績!D9 -> 0.76012793
A8: 翌月も利用した割合 | B8: — | C8: =利用実績!C12 -> 0.88644068 | D8: =利用実績!D12 -> 0.90729483
A9: 削減時間(時間)・標準 | B9: =業務削減効果!B12 -> 4434 | C9: =業務削減効果!C12 -> 5270.1667 | D9: =業務削減効果!D12 -> 5377.6667 | E9: =SUM(B9:D9) -> 15081.833
A10: 削減時間(時間)・控えめ | B10: =業務削減効果!B15 -> 2217 | C10: =業務削減効果!C15 -> 2635.0833 | D10: =業務削減効果!D15 -> 2688.8333 | E10: =SUM(B10:D10) -> 7540.9167
A12: 結果と成果
A13: ・3か月で職員713人が利用し、利用率は69.6%から76.0%へ上昇。前月の利用者の約9割が翌月も利用しており、日常業務に定着した
A14: ・質問件数は月26,604件から32,266件へ増加(+21%)。1件5分の控えめな前提でも3か月で約7,500時間の業務時間削減に相当する(推計)
A15: ・条例解釈・議会答弁・契約事務・資料作成など、正確性が求められる中核業務で活用が広がった
A16: ・9/17のベンダー側による Claude 系モデル停止で利用が約3割減少。モデルの選択肢と契約条件が効果を左右することが明らかになった
A18: 今後のビジョン(詳細は「今後のビジョン」シート)
A19: 1. 利用者の拡大(アカウント1,000追加、有償プランへの移行を年内に検討)
A20: 2. AIリテラシーの向上
A21: 3. 毎月1回程度の研修の実施
A22: 4. AIエージェント・AI電話対応など新技術の導入に向けた情報収集
A23: 5. AIエージェントの試行(AI推進リーダー向け、来春プロポーザル)
A24: 6. 効果測定の精度向上
A26: シート構成: 概要 / 利用実績 / 業務削減効果 / 活用分野 / 課題 / 今後のビジョン

Sheet 利用実績
A1: 利用実績(月別)
A2: 青字=利用ログ等からの実績値(入力値)/黒字=計算式
A4: 指標 | B4: 2026年7月 | C4: 2026年8月 | D4: 2026年9月 | E4: 備考
A5: 質問件数(プロンプト数) | B5: 26604 | C5: 31621 | D5: 32266 | E5: 職員からの質問の件数(利用ログ)
A6: 総利用回数(質問+応答) | B6: 52897 | C6: 62820 | D6: 64191 | E6: 利用ログの全レコード数
A7: 利用者数(人) | B7: 590 | C7: 658 | D7: 713 | E7: 月内に1回以上利用した職員
A8: 登録者数(人) | B8: 848 | C8: 910 | D8: 938 | E8: 月末(9月は10/1)時点のアカウント数
A9: 利用率 | B9: =IFERROR(B7/B8,"") -> 0.69575472 | C9: =IFERROR(C7/C8,"") -> 0.72307692 | D9: =IFERROR(D7/D8,"") -> 0.76012793 | E9: 利用者数÷登録者数
A10: 利用があった部署数 | B10: 143 | C10: 149 | D10: 151 | E10: 部署別集計より
A11: 前月利用者のうち翌月も利用した人(人) | B11: — | C11: 523 | D11: 597 | E11: 8月は7月利用者590人のうち、9月は8月利用者658人のうち
A12: 翌月も利用した割合 | B12: — | C12: =IFERROR(C11/B7,"") -> 0.88644068 | D12: =IFERROR(D11/C7,"") -> 0.90729483 | E12: 前月から継続した人÷前月の利用者数
A13: 新規利用者(人) | B13: — | C13: 135 | D13: 87 | E13: その月に初めて利用した職員
A14: 1人あたり質問件数 | B14: =IFERROR(B5/B7,"") -> 45.091525 | C14: =IFERROR(C5/C7,"") -> 48.056231 | D14: =IFERROR(D5/D7,"") -> 45.253857 | E14: 質問件数÷利用者数
A15: 上位10人が全質問に占める割合 | B15: 0.189 | C15: 0.135 | D15: 0.12 | E15: 利用の偏りの指標(低いほど裾野が広い)
A17: ※9/17 18時、無償プランを対象に Claude Opus・Sonnet が停止。停止前(9/1〜17)の平日1日平均は3,675件・281人、停止後(9/18〜30)は2,512件・211人。

Sheet 業務削減効果
A1: 業務削減効果(推計)
A2: 黄色セル=前提条件(変更可)。質問件数は「利用実績」シートから参照
A4: 前提条件
A5: 1件あたり削減時間(分)・標準 | B5: 10 | C5: 中庸の目安
A6: 1件あたり削減時間(分)・控えめ | B6: 5 | C6: 対外説明ではこちらを推奨
A7: 1日あたり労働時間(時間) | B7: 7.75 | C7: 7時間45分
A8: 人件費(円/時間) | B8: 3000 | C8: 共済費等込みの概算
A10: 項目 | B10: 2026年7月 | C10: 2026年8月 | D10: 2026年9月 | E10: 3か月計 | F10: 備考
A11: 質問件数 | B11: =利用実績!B5 -> 26604 | C11: =利用実績!C5 -> 31621 | D11: =利用実績!D5 -> 32266 | E11: =SUM(B11:D11) -> 90491 | F11: 利用ログ実数
A12: 削減時間(時間)・標準 | B12: =B11*$B$5/60 -> 4434 | C12: =C11*$B$5/60 -> 5270.1667 | D12: =D11*$B$5/60 -> 5377.6667 | E12: =SUM(B12:D12) -> 15081.833 | F12: 質問件数×10分
A13: 人日換算・標準 | B13: =B12/$B$7 -> 572.12903 | C13: =C12/$B$7 -> 680.02151 | D13: =D12/$B$7 -> 693.89247 | E13: =SUM(B13:D13) -> 1946.043 | F13: 削減時間÷7.75時間
A14: 人件費換算(円)・標準 | B14: =B12*$B$8 -> 13302000 | C14: =C12*$B$8 -> 15810500 | D14: =D12*$B$8 -> 16133000 | E14: =SUM(B14:D14) -> 45245500 | F14: 削減時間×3,000円
A15: 削減時間(時間)・控えめ | B15: =B11*$B$6/60 -> 2217 | C15: =C11*$B$6/60 -> 2635.0833 | D15: =D11*$B$6/60 -> 2688.8333 | E15: =SUM(B15:D15) -> 7540.9167 | F15: 質問件数×5分
A16: 人日換算・控えめ | B16: =B15/$B$7 -> 286.06452 | C16: =C15/$B$7 -> 340.01075 | D16: =D15/$B$7 -> 346.94624 | E16: =SUM(B16:D16) -> 973.02151
A17: 人件費換算(円)・控えめ | B17: =B15*$B$8 -> 6651000 | C17: =C15*$B$8 -> 7905250 | D17: =D15*$B$8 -> 8066500 | E17: =SUM(B17:D17) -> 22622750
A19: 【読み方】利用ログは「使った量」を示すもので、各質問が実際にどれだけ手作業を置き換えたかは判別できない。推計値として扱う。
A20: 【精度向上】職員アンケートで「AIで何分短縮できたか」を実測し、1件あたり削減時間(黄色セル)を置き換えると確度が上がる。
A21: 【注意】9月分から利用ログの入出力内容の収録上限が約2,000文字→1万文字に変わったため、文字数ベースの試算は8月以前と比較できない。本表は件数ベースのため影響を受けない。

Sheet 活用分野
A1: 主な活用分野(8月・9月の質問内容の分類より)
A3: 分野 | B3: 主な内容
A4: 政策文書・資料作成 | B4: 説明資料のたたき台、会議資料・国の通知の要約、監査や条例制定に関する文書
A5: 条例・規程に基づく実務判断 | B5: 工事約款、財産条例、給与条例、港湾施設管理条例など、条文を示して根拠を確認
A6: 議会対応 | B6: 想定質問の洗い出し、答弁案の作成・校正、過去答弁の参照(9月定例会で利用が集中)
A7: 契約・会計・人事 | B7: 随意契約の要否、印紙税、時間外勤務の扱いなど
A8: 対外文書 | B8: 挨拶文、協議会の案内、催促・御礼メールの作成・添削
A9: 業務ツール開発 | B9: Excel関数・マクロ、Google Apps Script による発注・集計用Webアプリの作成
A11: 定型文の作成にとどまらず、条例解釈や議会答弁など正確性が求められる中核業務で活用されている。職員が自ら業務ツールを作るなど、導入前には想定していなかった使い方も生まれている。

Sheet 課題
A1: 見えてきた課題
A3: 課題 | B3: 内容
A4: ベンダー都合のモデル停止 | B4: 9/17に無償プランを対象に Claude Opus・Sonnet が停止。停止前後の平日1日平均で利用回数-32%、利用者-25%。9月末時点で再開していない
A5: 代替モデルの精度 | B5: 停止を受けて Claude Haiku 4.5(軽量モデル)を開放したが、条例解釈・議会答弁・庁内文書検索など精度が求められる用途での利用が多い。10/5のコモンズ通信で使い分けを呼びかける
A6: 無償プランの1,000アカウント上限 | B6: 登録者938人(10/1時点)。未利用アカウントの棚卸し(8月170人、9月43人)で枠内を維持しているが、利用拡大の制約になっている
A7: 有償プランの利用量上限 | B7: 有償プランでは標準・高性能モデルに月3億トークンの上限がかかる。現状の利用量で上限の約4〜6割と試算(ベンダーに算定方法を確認中)
A8: ファイル出力機能がない | B8: Word・Excel等のファイルを直接作れない。中間アンケートでも要望が多い
A9: 利用ログ出力の不具合 | B9: 10月に新しくなった管理画面のCSVに、件数の打ち切りと重複がある。ベンダーに改善を依頼

Sheet 今後のビジョン
A1: 今後のビジョン
A3: # | B3: 取組 | C3: 内容 | D3: 時期
A4: 1 | B4: 利用者の拡大(アカウント1,000追加) | C4: 有償プランへ移行し、アカウントを1,000から2,000に拡大する。無償プランの上限で交付を抑えてきた職員にも門戸を広げ、全庁での活用を進める。あわせてClaude系モデルの停止も解消される | D4: 年内に移行を検討
A5: 2 | B5: AIリテラシーの向上 | C5: 正確性が求められる業務でのモデルの使い分け、出典・根拠の確認、個人情報の扱いなど、安全で効果的な使い方を全庁に浸透させる。コモンズ通信での周知を継続する | D5: 通年
A6: 3 | B6: 定期研修の実施 | C6: 毎月1回程度、実務に即した研修を実施する(プロンプトの作り方、議会答弁・文書作成・業務ツール作成などの活用事例)。未利用職員の利用開始も後押しする | D6: 毎月1回程度
A7: 4 | B7: 新技術の導入に向けた情報収集 | C7: AIエージェント、AI電話対応など新しい技術について、他自治体の事例や製品の情報を収集し、本市での導入可能性を検討する | D7: 随時
A8: 5 | B8: AIエージェントの試行(AI推進リーダー向け) | C8: AIエージェント機能を持つ新システムを、AI推進リーダーを対象に導入する(同時接続30名規模)。要件には、ファイル出力機能と、利用量・モデル停止に関する契約条件の明示を含める | D8: 来春プロポーザル
A9: 6 | B9: 効果測定の精度向上 | C9: 職員アンケートで実際の削減時間を把握し、利用ログからの推計を実測値に置き換える | D9: 継続
B12: 参考: アカウント拡大後の利用規模(試算)
B13: 黄色セル=前提(変更可)。現状値は「利用実績」シートの9月実績を参照
B14: 項目 | C14: 値 | D14: 備考
B15: 拡大後のアカウント数 | C15: 2000 | D15: 現行1,000枠+1,000追加
B16: 想定利用率 | C16: =利用実績!D9 -> 0.76012793 | D16: 9月実績(76.0%)を仮定。変更可
B17: 想定利用者数(人) | C17: =C15*C16 -> 1520.2559
B18: 1人あたり月間質問件数 | C18: =利用実績!D14 -> 45.253857 | D18: 9月実績を仮定
B19: 想定月間質問件数 | C19: =C17*C18 -> 68797.441
B20: 想定月間削減時間(時間)・控えめ | C20: =C19*業務削減効果!B6/60 -> 5733.1201 | D20: 1件5分で試算
B21: 想定月間削減時間(人日)・控えめ | C21: =C20/業務削減効果!B7 -> 739.75743
B22: ※利用者を増やしたときに利用率・1人あたり件数が現状どおり続くとは限らない(新たに加わる職員は利用が少ない傾向)。また有償プランでは月3億トークンの上限があり、利用規模の拡大に合わせて上限への影響を確認する必要がある。
